{
  "estadisticas_numericas": {
    "bill_length_mm": {
      "media": 43.9219298245614,
      "mediana": 44.45,
      "std": 5.4595837139265315,
      "min": 32.1,
      "max": 59.6,
      "q25": 39.225,
      "q75": 48.5,
      "iqr": 9.274999999999999
    },
    "bill_depth_mm": {
      "media": 17.151169590643278,
      "mediana": 17.3,
      "std": 1.9747931568167816,
      "min": 13.1,
      "max": 21.5,
      "q25": 15.6,
      "q75": 18.7,
      "iqr": 3.0999999999999996
    },
    "flipper_length_mm": {
      "media": 200.91520467836258,
      "mediana": 197.0,
      "std": 14.061713679356888,
      "min": 172.0,
      "max": 231.0,
      "q25": 190.0,
      "q75": 213.0,
      "iqr": 23.0
    },
    "body_mass_g": {
      "media": 4201.754385964912,
      "mediana": 4050.0,
      "std": 801.9545356980956,
      "min": 2700.0,
      "max": 6300.0,
      "q25": 3550.0,
      "q75": 4750.0,
      "iqr": 1200.0
    }
  },
  "conteos_categoricos": {
    "species": {
      "Adelie": 152,
      "Gentoo": 124,
      "Chinstrap": 68
    },
    "island": {
      "Biscoe": 168,
      "Dream": 124,
      "Torgersen": 52
    },
    "sex": {
      "Male": 168,
      "Female": 165,
      "NaN": 11
    }
  }
}