{
  "stage": "FINAL_ALL_DATA",
  "algo": "hgb",
  "feature_set": "all",
  "test_size": 0.2,
  "final_train_frac": 1.0,
  "fit_time_seconds": 121.35,
  "best_params": {
    "min_samples_leaf": 100,
    "max_leaf_nodes": 511,
    "max_depth": 11,
    "max_bins": 128,
    "learning_rate": 0.0802,
    "l2_regularization": 0.001
  },
  "metrics_thr0.5": {
    "accuracy": 0.7470665,
    "balanced_accuracy": 0.7456953388905392,
    "precision": 0.7576926081764306,
    "recall": 0.7685468814710902,
    "f1": 0.7630811482438807,
    "roc_auc": 0.8295231033769399,
    "average_precision": 0.8443702348992972
  },
  "metrics_thr_opt": {
    "accuracy": 0.7466045,
    "balanced_accuracy": 0.7461981975126123,
    "precision": 0.7651799272928075,
    "recall": 0.752969567067263,
    "f1": 0.7590256436835116,
    "roc_auc": 0.8295231033769399,
    "average_precision": 0.8443702348992972
  },
  "threshold_opt": 0.5147453900336256
}