precision,recall
0.5300015,1.0
0.6905702038602403,0.6786103435556314
1.0,0.0
