fpr,tpr
0.0,0.0
0.3428904560333703,0.6786103435556314
1.0,1.0
