{
  "model": "DecisionTreeClassifier",
  "data": "C:\\Projects\\U\\Pro_fin3\\data\\higgs_train.parquet",
  "target": "target",
  "splits": {
    "test_size": 0.2,
    "cv_frac": 0.1,
    "final_frac": 1.0
  },
  "cv": {
    "folds": 3,
    "n_candidates_stage1": 24,
    "factor_stage1": 4
  },
  "stage1_caps": {
    "min_resources": 10000,
    "max_resources": 250000
  },
  "stage2": {
    "kind": "random",
    "budget": 120,
    "md_window": 2
  },
  "best_params": {
    "min_samples_split": 2,
    "min_samples_leaf": 200,
    "max_features": null,
    "max_depth": 14,
    "criterion": "entropy",
    "class_weight": null
  },
  "tree_stats": {
    "depth": 14,
    "n_leaves": 7272,
    "node_count": 14543
  },
  "metrics_thr0.5": {
    "accuracy": 0.7174475,
    "balanced_accuracy": 0.7165235776600127,
    "precision": 0.7341537500709703,
    "recall": 0.7319215134296789,
    "f1": 0.7330359323558437,
    "roc_auc": 0.7940450921385784,
    "average_precision": 0.8098638975379824
  },
  "metrics_thr_opt": {
    "threshold": 0.5290519877675841,
    "accuracy": 0.7167725,
    "balanced_accuracy": 0.7175263316383351,
    "precision": 0.7465328908327655,
    "recall": 0.7049630991610402,
    "f1": 0.7251527306656393
  },
  "threshold_opt": 0.5290519877675841,
  "fit_time_seconds": 383.985,
  "total_time_seconds": 960.289
}